{
    "$schema": "https://schema.management.azure.com/schemas/2019-04-01/deploymentTemplate.json#",
    "contentVersion": "1.0.0.0",
    "parameters": {
        "vulnerabilityAssessments_Default_storageContainerPath": {
            "type": "SecureString"
        },
        "workspaces_synapse_course_ws_shk_name": {
            "defaultValue": "synapse-course-ws-shk",
            "type": "String"
        },
        "storageAccounts_synapsecoursedlshk11_name": {
            "defaultValue": "synapsecoursedlshk11",
            "type": "String"
        },
        "databaseAccounts_synapse_course_shk_name": {
            "defaultValue": "synapse-course-shk",
            "type": "String"
        }
    },
    "variables": {},
    "resources": [
        {
            "type": "Microsoft.DocumentDB/databaseAccounts",
            "apiVersion": "2024-05-15",
            "name": "[parameters('databaseAccounts_synapse_course_shk_name')]",
            "location": "Central US",
            "tags": {
                "defaultExperience": "Core (SQL)",
                "hidden-cosmos-mmspecial": ""
            },
            "kind": "GlobalDocumentDB",
            "identity": {
                "type": "None"
            },
            "properties": {
                "publicNetworkAccess": "Enabled",
                "enableAutomaticFailover": false,
                "enableMultipleWriteLocations": false,
                "isVirtualNetworkFilterEnabled": false,
                "virtualNetworkRules": [],
                "disableKeyBasedMetadataWriteAccess": false,
                "enableFreeTier": true,
                "enableAnalyticalStorage": true,
                "analyticalStorageConfiguration": {
                    "schemaType": "WellDefined"
                },
                "databaseAccountOfferType": "Standard",
                "defaultIdentity": "FirstPartyIdentity",
                "networkAclBypass": "None",
                "disableLocalAuth": false,
                "enablePartitionMerge": false,
                "enableBurstCapacity": false,
                "minimalTlsVersion": "Tls12",
                "consistencyPolicy": {
                    "defaultConsistencyLevel": "Session",
                    "maxIntervalInSeconds": 5,
                    "maxStalenessPrefix": 100
                },
                "locations": [
                    {
                        "locationName": "Central US",
                        "failoverPriority": 0,
                        "isZoneRedundant": false
                    }
                ],
                "cors": [],
                "capabilities": [],
                "ipRules": [],
                "backupPolicy": {
                    "type": "Periodic",
                    "periodicModeProperties": {
                        "backupIntervalInMinutes": 240,
                        "backupRetentionIntervalInHours": 8,
                        "backupStorageRedundancy": "Geo"
                    }
                },
                "networkAclBypassResourceIds": [],
                "capacity": {
                    "totalThroughputLimit": 1000
                }
            }
        },
        {
            "type": "Microsoft.Storage/storageAccounts",
            "apiVersion": "2023-05-01",
            "name": "[parameters('storageAccounts_synapsecoursedlshk11_name')]",
            "location": "uksouth",
            "sku": {
                "name": "Standard_RAGRS",
                "tier": "Standard"
            },
            "kind": "StorageV2",
            "properties": {
                "allowCrossTenantReplication": false,
                "minimumTlsVersion": "TLS1_2",
                "allowBlobPublicAccess": false,
                "isHnsEnabled": true,
                "networkAcls": {
                    "bypass": "AzureServices",
                    "virtualNetworkRules": [],
                    "ipRules": [],
                    "defaultAction": "Allow"
                },
                "supportsHttpsTrafficOnly": true,
                "encryption": {
                    "services": {
                        "file": {
                            "keyType": "Account",
                            "enabled": true
                        },
                        "blob": {
                            "keyType": "Account",
                            "enabled": true
                        }
                    },
                    "keySource": "Microsoft.Storage"
                },
                "accessTier": "Hot"
            }
        },
        {
            "type": "Microsoft.DocumentDB/databaseAccounts/sqlDatabases",
            "apiVersion": "2024-05-15",
            "name": "[concat(parameters('databaseAccounts_synapse_course_shk_name'), '/nyctaxidb')]",
            "dependsOn": [
                "[resourceId('Microsoft.DocumentDB/databaseAccounts', parameters('databaseAccounts_synapse_course_shk_name'))]"
            ],
            "properties": {
                "resource": {
                    "id": "nyctaxidb"
                }
            }
        },
        {
            "type": "Microsoft.DocumentDB/databaseAccounts/sqlRoleDefinitions",
            "apiVersion": "2024-05-15",
            "name": "[concat(parameters('databaseAccounts_synapse_course_shk_name'), '/00000000-0000-0000-0000-000000000001')]",
            "dependsOn": [
                "[resourceId('Microsoft.DocumentDB/databaseAccounts', parameters('databaseAccounts_synapse_course_shk_name'))]"
            ],
            "properties": {
                "roleName": "Cosmos DB Built-in Data Reader",
                "type": "BuiltInRole",
                "assignableScopes": [
                    "[resourceId('Microsoft.DocumentDB/databaseAccounts', parameters('databaseAccounts_synapse_course_shk_name'))]"
                ],
                "permissions": [
                    {
                        "dataActions": [
                            "Microsoft.DocumentDB/databaseAccounts/readMetadata",
                            "Microsoft.DocumentDB/databaseAccounts/sqlDatabases/containers/executeQuery",
                            "Microsoft.DocumentDB/databaseAccounts/sqlDatabases/containers/readChangeFeed",
                            "Microsoft.DocumentDB/databaseAccounts/sqlDatabases/containers/items/read"
                        ],
                        "notDataActions": []
                    }
                ]
            }
        },
        {
            "type": "Microsoft.DocumentDB/databaseAccounts/sqlRoleDefinitions",
            "apiVersion": "2024-05-15",
            "name": "[concat(parameters('databaseAccounts_synapse_course_shk_name'), '/00000000-0000-0000-0000-000000000002')]",
            "dependsOn": [
                "[resourceId('Microsoft.DocumentDB/databaseAccounts', parameters('databaseAccounts_synapse_course_shk_name'))]"
            ],
            "properties": {
                "roleName": "Cosmos DB Built-in Data Contributor",
                "type": "BuiltInRole",
                "assignableScopes": [
                    "[resourceId('Microsoft.DocumentDB/databaseAccounts', parameters('databaseAccounts_synapse_course_shk_name'))]"
                ],
                "permissions": [
                    {
                        "dataActions": [
                            "Microsoft.DocumentDB/databaseAccounts/readMetadata",
                            "Microsoft.DocumentDB/databaseAccounts/sqlDatabases/containers/*",
                            "Microsoft.DocumentDB/databaseAccounts/sqlDatabases/containers/items/*"
                        ],
                        "notDataActions": []
                    }
                ]
            }
        },
        {
            "type": "Microsoft.Storage/storageAccounts/blobServices",
            "apiVersion": "2023-05-01",
            "name": "[concat(parameters('storageAccounts_synapsecoursedlshk11_name'), '/default')]",
            "dependsOn": [
                "[resourceId('Microsoft.Storage/storageAccounts', parameters('storageAccounts_synapsecoursedlshk11_name'))]"
            ],
            "sku": {
                "name": "Standard_RAGRS",
                "tier": "Standard"
            },
            "properties": {
                "cors": {
                    "corsRules": []
                },
                "deleteRetentionPolicy": {
                    "allowPermanentDelete": false,
                    "enabled": false
                }
            }
        },
        {
            "type": "Microsoft.Storage/storageAccounts/fileServices",
            "apiVersion": "2023-05-01",
            "name": "[concat(parameters('storageAccounts_synapsecoursedlshk11_name'), '/default')]",
            "dependsOn": [
                "[resourceId('Microsoft.Storage/storageAccounts', parameters('storageAccounts_synapsecoursedlshk11_name'))]"
            ],
            "sku": {
                "name": "Standard_RAGRS",
                "tier": "Standard"
            },
            "properties": {
                "protocolSettings": {
                    "smb": {}
                },
                "cors": {
                    "corsRules": []
                },
                "shareDeleteRetentionPolicy": {
                    "enabled": true,
                    "days": 7
                }
            }
        },
        {
            "type": "Microsoft.Storage/storageAccounts/queueServices",
            "apiVersion": "2023-05-01",
            "name": "[concat(parameters('storageAccounts_synapsecoursedlshk11_name'), '/default')]",
            "dependsOn": [
                "[resourceId('Microsoft.Storage/storageAccounts', parameters('storageAccounts_synapsecoursedlshk11_name'))]"
            ],
            "properties": {
                "cors": {
                    "corsRules": []
                }
            }
        },
        {
            "type": "Microsoft.Storage/storageAccounts/tableServices",
            "apiVersion": "2023-05-01",
            "name": "[concat(parameters('storageAccounts_synapsecoursedlshk11_name'), '/default')]",
            "dependsOn": [
                "[resourceId('Microsoft.Storage/storageAccounts', parameters('storageAccounts_synapsecoursedlshk11_name'))]"
            ],
            "properties": {
                "cors": {
                    "corsRules": []
                }
            }
        },
        {
            "type": "Microsoft.Synapse/workspaces",
            "apiVersion": "2021-06-01",
            "name": "[parameters('workspaces_synapse_course_ws_shk_name')]",
            "location": "uksouth",
            "dependsOn": [
                "[resourceId('Microsoft.Storage/storageAccounts', parameters('storageAccounts_synapsecoursedlshk11_name'))]"
            ],
            "identity": {
                "type": "SystemAssigned"
            },
            "properties": {
                "defaultDataLakeStorage": {
                    "resourceId": "[resourceId('Microsoft.Storage/storageAccounts', parameters('storageAccounts_synapsecoursedlshk11_name'))]",
                    "createManagedPrivateEndpoint": false,
                    "accountUrl": "https://synapsecoursedlshk11.dfs.core.windows.net",
                    "filesystem": "ws-container"
                },
                "encryption": {},
                "managedResourceGroupName": "synapseworkspace-managedrg-67c521b1-5c72-469b-9a5e-fd4c9e6d4503",
                "sqlAdministratorLogin": "synapseadmin",
                "privateEndpointConnections": [],
                "workspaceRepositoryConfiguration": {
                    "accountName": "Sanketkuwar",
                    "collaborationBranch": "main",
                    "hostName": "https://github.com",
                    "lastCommitId": "62592300f70cd255a16408d3413e965e0ebcd347",
                    "repositoryName": "AzureSynapseProjectTaxiData",
                    "rootFolder": "/",
                    "type": "WorkspaceGitHubConfiguration"
                },
                "publicNetworkAccess": "Enabled",
                "cspWorkspaceAdminProperties": {
                    "initialWorkspaceAdminObjectId": "a3d38266-c171-46f4-a2e2-9aad7ec9ffd2"
                },
                "azureADOnlyAuthentication": false,
                "trustedServiceBypassEnabled": false
            }
        },
        {
            "type": "Microsoft.Synapse/workspaces/auditingSettings",
            "apiVersion": "2021-06-01",
            "name": "[concat(parameters('workspaces_synapse_course_ws_shk_name'), '/Default')]",
            "dependsOn": [
                "[resourceId('Microsoft.Synapse/workspaces', parameters('workspaces_synapse_course_ws_shk_name'))]"
            ],
            "properties": {
                "retentionDays": 0,
                "auditActionsAndGroups": [],
                "isStorageSecondaryKeyInUse": false,
                "isAzureMonitorTargetEnabled": false,
                "state": "Disabled",
                "storageAccountSubscriptionId": "00000000-0000-0000-0000-000000000000"
            }
        },
        {
            "type": "Microsoft.Synapse/workspaces/azureADOnlyAuthentications",
            "apiVersion": "2021-06-01",
            "name": "[concat(parameters('workspaces_synapse_course_ws_shk_name'), '/default')]",
            "dependsOn": [
                "[resourceId('Microsoft.Synapse/workspaces', parameters('workspaces_synapse_course_ws_shk_name'))]"
            ],
            "properties": {
                "azureADOnlyAuthentication": false
            }
        },
        {
            "type": "Microsoft.Synapse/workspaces/bigDataPools",
            "apiVersion": "2021-06-01",
            "name": "[concat(parameters('workspaces_synapse_course_ws_shk_name'), '/coursepool')]",
            "location": "uksouth",
            "dependsOn": [
                "[resourceId('Microsoft.Synapse/workspaces', parameters('workspaces_synapse_course_ws_shk_name'))]"
            ],
            "properties": {
                "sparkVersion": "3.4",
                "nodeCount": 3,
                "nodeSize": "Small",
                "nodeSizeFamily": "MemoryOptimized",
                "autoScale": {
                    "enabled": false,
                    "minNodeCount": 0,
                    "maxNodeCount": 0
                },
                "autoPause": {
                    "enabled": true,
                    "delayInMinutes": 15
                },
                "isComputeIsolationEnabled": false,
                "sessionLevelPackagesEnabled": true,
                "cacheSize": 0,
                "dynamicExecutorAllocation": {
                    "enabled": false
                },
                "isAutotuneEnabled": false,
                "provisioningState": "Succeeded"
            }
        },
        {
            "type": "Microsoft.Synapse/workspaces/dedicatedSQLminimalTlsSettings",
            "apiVersion": "2021-06-01",
            "name": "[concat(parameters('workspaces_synapse_course_ws_shk_name'), '/default')]",
            "location": "uksouth",
            "dependsOn": [
                "[resourceId('Microsoft.Synapse/workspaces', parameters('workspaces_synapse_course_ws_shk_name'))]"
            ],
            "properties": {
                "minimalTlsVersion": "1.2"
            }
        },
        {
            "type": "Microsoft.Synapse/workspaces/extendedAuditingSettings",
            "apiVersion": "2021-06-01",
            "name": "[concat(parameters('workspaces_synapse_course_ws_shk_name'), '/Default')]",
            "dependsOn": [
                "[resourceId('Microsoft.Synapse/workspaces', parameters('workspaces_synapse_course_ws_shk_name'))]"
            ],
            "properties": {
                "retentionDays": 0,
                "auditActionsAndGroups": [],
                "isStorageSecondaryKeyInUse": false,
                "isAzureMonitorTargetEnabled": false,
                "state": "Disabled",
                "storageAccountSubscriptionId": "00000000-0000-0000-0000-000000000000"
            }
        },
        {
            "type": "Microsoft.Synapse/workspaces/firewallRules",
            "apiVersion": "2021-06-01",
            "name": "[concat(parameters('workspaces_synapse_course_ws_shk_name'), '/allowAll')]",
            "dependsOn": [
                "[resourceId('Microsoft.Synapse/workspaces', parameters('workspaces_synapse_course_ws_shk_name'))]"
            ],
            "properties": {
                "startIpAddress": "0.0.0.0",
                "endIpAddress": "255.255.255.255"
            }
        },
        {
            "type": "Microsoft.Synapse/workspaces/integrationruntimes",
            "apiVersion": "2021-06-01",
            "name": "[concat(parameters('workspaces_synapse_course_ws_shk_name'), '/AutoResolveIntegrationRuntime')]",
            "dependsOn": [
                "[resourceId('Microsoft.Synapse/workspaces', parameters('workspaces_synapse_course_ws_shk_name'))]"
            ],
            "properties": {
                "type": "Managed",
                "typeProperties": {
                    "computeProperties": {
                        "location": "AutoResolve"
                    }
                }
            }
        },
        {
            "type": "Microsoft.Synapse/workspaces/securityAlertPolicies",
            "apiVersion": "2021-06-01",
            "name": "[concat(parameters('workspaces_synapse_course_ws_shk_name'), '/Default')]",
            "dependsOn": [
                "[resourceId('Microsoft.Synapse/workspaces', parameters('workspaces_synapse_course_ws_shk_name'))]"
            ],
            "properties": {
                "state": "Disabled",
                "disabledAlerts": [
                    ""
                ],
                "emailAddresses": [
                    ""
                ],
                "emailAccountAdmins": false,
                "retentionDays": 0
            }
        },
        {
            "type": "Microsoft.Synapse/workspaces/vulnerabilityAssessments",
            "apiVersion": "2021-06-01",
            "name": "[concat(parameters('workspaces_synapse_course_ws_shk_name'), '/Default')]",
            "dependsOn": [
                "[resourceId('Microsoft.Synapse/workspaces', parameters('workspaces_synapse_course_ws_shk_name'))]"
            ],
            "properties": {
                "recurringScans": {
                    "isEnabled": false,
                    "emailSubscriptionAdmins": true
                },
                "storageContainerPath": "[parameters('vulnerabilityAssessments_Default_storageContainerPath')]"
            }
        },
        {
            "type": "Microsoft.DocumentDB/databaseAccounts/sqlDatabases/containers",
            "apiVersion": "2024-05-15",
            "name": "[concat(parameters('databaseAccounts_synapse_course_shk_name'), '/nyctaxidb/Heartbeat')]",
            "dependsOn": [
                "[resourceId('Microsoft.DocumentDB/databaseAccounts/sqlDatabases', parameters('databaseAccounts_synapse_course_shk_name'), 'nyctaxidb')]",
                "[resourceId('Microsoft.DocumentDB/databaseAccounts', parameters('databaseAccounts_synapse_course_shk_name'))]"
            ],
            "properties": {
                "resource": {
                    "id": "Heartbeat",
                    "indexingPolicy": {
                        "indexingMode": "consistent",
                        "automatic": true,
                        "includedPaths": [
                            {
                                "path": "/*"
                            }
                        ],
                        "excludedPaths": [
                            {
                                "path": "/\"_etag\"/?"
                            }
                        ]
                    },
                    "partitionKey": {
                        "paths": [
                            "/deviceId"
                        ],
                        "kind": "Hash",
                        "version": 2
                    },
                    "uniqueKeyPolicy": {
                        "uniqueKeys": []
                    },
                    "conflictResolutionPolicy": {
                        "mode": "LastWriterWins",
                        "conflictResolutionPath": "/_ts"
                    },
                    "analyticalStorageTtl": -1,
                    "computedProperties": []
                }
            }
        },
        {
            "type": "Microsoft.DocumentDB/databaseAccounts/sqlDatabases/throughputSettings",
            "apiVersion": "2024-05-15",
            "name": "[concat(parameters('databaseAccounts_synapse_course_shk_name'), '/nyctaxidb/default')]",
            "dependsOn": [
                "[resourceId('Microsoft.DocumentDB/databaseAccounts/sqlDatabases', parameters('databaseAccounts_synapse_course_shk_name'), 'nyctaxidb')]",
                "[resourceId('Microsoft.DocumentDB/databaseAccounts', parameters('databaseAccounts_synapse_course_shk_name'))]"
            ],
            "properties": {
                "resource": {
                    "throughput": 100,
                    "autoscaleSettings": {
                        "maxThroughput": 1000
                    }
                }
            }
        },
        {
            "type": "Microsoft.Storage/storageAccounts/blobServices/containers",
            "apiVersion": "2023-05-01",
            "name": "[concat(parameters('storageAccounts_synapsecoursedlshk11_name'), '/default/demo')]",
            "dependsOn": [
                "[resourceId('Microsoft.Storage/storageAccounts/blobServices', parameters('storageAccounts_synapsecoursedlshk11_name'), 'default')]",
                "[resourceId('Microsoft.Storage/storageAccounts', parameters('storageAccounts_synapsecoursedlshk11_name'))]"
            ],
            "properties": {
                "immutableStorageWithVersioning": {
                    "enabled": false
                },
                "defaultEncryptionScope": "$account-encryption-key",
                "denyEncryptionScopeOverride": false,
                "publicAccess": "None"
            }
        },
        {
            "type": "Microsoft.Storage/storageAccounts/blobServices/containers",
            "apiVersion": "2023-05-01",
            "name": "[concat(parameters('storageAccounts_synapsecoursedlshk11_name'), '/default/nyc-taxi-data')]",
            "dependsOn": [
                "[resourceId('Microsoft.Storage/storageAccounts/blobServices', parameters('storageAccounts_synapsecoursedlshk11_name'), 'default')]",
                "[resourceId('Microsoft.Storage/storageAccounts', parameters('storageAccounts_synapsecoursedlshk11_name'))]"
            ],
            "properties": {
                "immutableStorageWithVersioning": {
                    "enabled": false
                },
                "defaultEncryptionScope": "$account-encryption-key",
                "denyEncryptionScopeOverride": false,
                "publicAccess": "None"
            }
        },
        {
            "type": "Microsoft.Storage/storageAccounts/blobServices/containers",
            "apiVersion": "2023-05-01",
            "name": "[concat(parameters('storageAccounts_synapsecoursedlshk11_name'), '/default/ws-container')]",
            "dependsOn": [
                "[resourceId('Microsoft.Storage/storageAccounts/blobServices', parameters('storageAccounts_synapsecoursedlshk11_name'), 'default')]",
                "[resourceId('Microsoft.Storage/storageAccounts', parameters('storageAccounts_synapsecoursedlshk11_name'))]"
            ],
            "properties": {
                "immutableStorageWithVersioning": {
                    "enabled": false
                },
                "defaultEncryptionScope": "$account-encryption-key",
                "denyEncryptionScopeOverride": false,
                "publicAccess": "None"
            }
        }
    ]
}